{
  "head": {
    "top": 4.486997076397936,
    "left": 39.90779866062443,
    "width": 20.184402678751145,
    "height": 13.394805941227482
  },
  "necklace": {
    "top": 11.040194677908563,
    "left": 67.87235142221232,
    "width": 19.815597321248855,
    "height": 13.0590934121385
  },
  "shoulders": {
    "top": 8.501190986151162,
    "left": 11.26240269368355,
    "width": 20.510668668421275,
    "height": 15.446812556586952
  },
  "chest": {
    "top": 20.316788399615092,
    "left": 37.40425259591441,
    "width": 24.96449181300548,
    "height": 20.808495379538524
  },
  "bracers": {
    "top": 27.328610495163584,
    "left": 76.35459428128594,
    "width": 19.092201339375574,
    "height": 17.295507693082833
  },
  "gloves": {
    "top": 27.862878888151524,
    "left": 4.184402678751145,
    "width": 19.092201339375574,
    "height": 16.387719144448454
  },
  "belt": {
    "top": 43.42786811091789,
    "left": 39.44682243803777,
    "width": 21.560300165673485,
    "height": 6
  },
  "legs": {
    "top": 51.763585719055655,
    "left": 40.08506167006124,
    "width": 19.971644891007937,
    "height": 17.479910279618903
  },
  "boots": {
    "top": 72.25060819069756,
    "left": 39.40428307020561,
    "width": 21.645378901337807,
    "height": 16.2033063998148
  },
  "ring1": {
    "top": 48.879441361518275,
    "left": 5.177280075039889,
    "width": 13.134771181498936,
    "height": 6.217500309568024
  },
  "ring2": {
    "top": 48.87943120342067,
    "left": 81.23403417600336,
    "width": 13.588655274665548,
    "height": 6.066185287966321
  },
  "mainhand": {
    "top": 63.31442166445914,
    "left": 4.269542362997871,
    "width": 19.773057953416693,
    "height": 22.321513540286965
  },
  "offhand": {
    "top": 62.104013230718934,
    "left": 74.8227199249601,
    "width": 21.58868574895675,
    "height": 23.683226837531286
  }
}
